{"cameraMode":{"drawMode":0,"name":"Shaded","section":"Shading Mode"},"sceneLighting":true,"audioPlay":false,"sceneViewState":{"showFog":false,"showMaterialUpdate":false,"showSkybox":false,"showFlares":false,"showImageEffects":false,"showParticleSystems":false},"in2DMode":false,"pivot":{"x":1.7603178024291993,"y":-0.1515207290649414,"z":-1.4369134902954102},"rotation":{"x":-0.07417825609445572,"y":0.921694278717041,"z":-0.22000277042388917,"w":-0.31076714396476748},"size":10.0,"orthographic":false}