{"cameraMode":{"drawMode":0,"name":"Shaded","section":"Shading Mode"},"sceneLighting":true,"audioPlay":false,"sceneViewState":{"showFog":false,"showMaterialUpdate":false,"showSkybox":false,"showFlares":false,"showImageEffects":false,"showParticleSystems":false},"in2DMode":false,"pivot":{"x":914.9280395507813,"y":286.1043701171875,"z":755.2456665039063},"rotation":{"x":-0.6617847084999085,"y":-0.013043276965618134,"z":0.011521423235535622,"w":-0.749524712562561},"size":377.2867126464844,"orthographic":false}