{"cameraMode":{"drawMode":0,"name":"Shaded","section":"Shading Mode"},"sceneLighting":true,"audioPlay":false,"sceneViewState":{"showFog":false,"showMaterialUpdate":false,"showSkybox":false,"showFlares":false,"showImageEffects":false,"showParticleSystems":false},"in2DMode":false,"pivot":{"x":1231.6282958984375,"y":541.8587646484375,"z":9.2542724609375},"rotation":{"x":0.049463700503110889,"y":0.02546600066125393,"z":-0.001261597266420722,"w":0.9984501600265503},"size":646.20068359375,"orthographic":true}