{"cameraMode":{"drawMode":0,"name":"Shaded","section":"Shading Mode"},"sceneLighting":true,"audioPlay":false,"sceneViewState":{"showFog":false,"showMaterialUpdate":false,"showSkybox":false,"showFlares":false,"showImageEffects":false,"showParticleSystems":false},"in2DMode":false,"pivot":{"x":1172.1314697265625,"y":615.0177001953125,"z":21.9090576171875},"rotation":{"x":-0.06022128462791443,"y":-0.041315846145153049,"z":0.0024948869831860067,"w":-0.9973280429840088},"size":421.06854248046877,"orthographic":false}