{"cameraMode":{"drawMode":0,"name":"Shaded","section":"Shading Mode"},"sceneLighting":true,"audioPlay":false,"sceneViewState":{"showFog":false,"showMaterialUpdate":false,"showSkybox":false,"showFlares":false,"showImageEffects":false,"showParticleSystems":false},"in2DMode":false,"pivot":{"x":1358.780517578125,"y":870.23779296875,"z":531.27783203125},"rotation":{"x":-0.4289740324020386,"y":0.05738503113389015,"z":-0.027316989377141,"w":-0.9011027216911316},"size":1666.090087890625,"orthographic":false}