{"cameraMode":{"drawMode":0,"name":"Shaded","section":"Shading Mode"},"sceneLighting":true,"audioPlay":false,"sceneViewState":{"showFog":false,"showMaterialUpdate":false,"showSkybox":false,"showFlares":false,"showImageEffects":false,"showParticleSystems":false},"in2DMode":false,"pivot":{"x":754.4393920898438,"y":676.7447509765625,"z":259.6239013671875},"rotation":{"x":-0.11405797302722931,"y":0.008044010028243065,"z":-0.0009226429392583668,"w":-0.9934581518173218},"size":842.02099609375,"orthographic":false}