{"cameraMode":{"drawMode":0,"name":"Shaded","section":"Shading Mode"},"sceneLighting":true,"audioPlay":false,"sceneViewState":{"showFog":false,"showMaterialUpdate":false,"showSkybox":false,"showFlares":false,"showImageEffects":false,"showParticleSystems":false},"in2DMode":false,"pivot":{"x":1294.2066650390625,"y":236.5030517578125,"z":203.23858642578126},"rotation":{"x":-0.5928627252578735,"y":-0.018841873854398729,"z":0.013877319172024727,"w":-0.8049659729003906},"size":249.7112579345703,"orthographic":false}