{"cameraMode":{"drawMode":0,"name":"Shaded","section":"Shading Mode"},"sceneLighting":true,"audioPlay":false,"sceneViewState":{"showFog":false,"showMaterialUpdate":false,"showSkybox":false,"showFlares":false,"showImageEffects":false,"showParticleSystems":false},"in2DMode":false,"pivot":{"x":1248.7998046875,"y":-722.5921630859375,"z":3291.38134765625},"rotation":{"x":-0.18190135061740876,"y":0.06396231055259705,"z":-0.011856073513627053,"w":-0.9811811447143555},"size":2287.12646484375,"orthographic":false}