{"cameraMode":{"drawMode":0,"name":"Shaded","section":"Shading Mode"},"sceneLighting":true,"audioPlay":false,"sceneViewState":{"showFog":false,"showMaterialUpdate":false,"showSkybox":false,"showFlares":false,"showImageEffects":false,"showParticleSystems":false},"in2DMode":false,"pivot":{"x":629.8438110351563,"y":595.0933227539063,"z":-38.694580078125},"rotation":{"x":-0.05267956480383873,"y":0.06346713751554489,"z":-0.0033465479500591757,"w":-0.9966145157814026},"size":918.725830078125,"orthographic":false}