{"cameraMode":{"drawMode":0,"name":"Shaded","section":"Shading Mode"},"sceneLighting":true,"audioPlay":false,"sceneViewState":{"showFog":false,"showMaterialUpdate":false,"showSkybox":false,"showFlares":false,"showImageEffects":false,"showParticleSystems":false},"in2DMode":false,"pivot":{"x":103.66580963134766,"y":-122.5877685546875,"z":765.1427001953125},"rotation":{"x":-0.4446147680282593,"y":0.015313358046114445,"z":-0.0076010990887880329,"w":-0.895577609539032},"size":999.3703002929688,"orthographic":false}