{"cameraMode":{"drawMode":0,"name":"Shaded","section":"Shading Mode"},"sceneLighting":true,"audioPlay":false,"sceneViewState":{"showFog":false,"showMaterialUpdate":false,"showSkybox":false,"showFlares":false,"showImageEffects":false,"showParticleSystems":false},"in2DMode":false,"pivot":{"x":827.808349609375,"y":-3341.9658203125,"z":5831.3955078125},"rotation":{"x":-0.3525644540786743,"y":-0.005056870169937611,"z":0.0019037221791222692,"w":-0.935791552066803},"size":3765.8349609375,"orthographic":false}