{"cameraMode":{"drawMode":0,"name":"Shaded","section":"Shading Mode"},"sceneLighting":true,"audioPlay":false,"sceneViewState":{"showFog":false,"showMaterialUpdate":false,"showSkybox":false,"showFlares":false,"showImageEffects":false,"showParticleSystems":false},"in2DMode":false,"pivot":{"x":973.2251586914063,"y":532.4351196289063,"z":-78.875},"rotation":{"x":0.03748041391372681,"y":0.023980822414159776,"z":-0.0008997024269774556,"w":0.9990089535713196},"size":690.4944458007813,"orthographic":true}