{"cameraMode":{"drawMode":0,"name":"Shaded","section":"Shading Mode"},"sceneLighting":true,"audioPlay":false,"sceneViewState":{"showFog":false,"showMaterialUpdate":false,"showSkybox":false,"showFlares":false,"showImageEffects":false,"showParticleSystems":false},"in2DMode":false,"pivot":{"x":922.1486206054688,"y":730.2321166992188,"z":6504.2724609375},"rotation":{"x":-0.006308576557785273,"y":-0.0054032402113080029,"z":0.00003256167110521346,"w":-0.9999839663505554},"size":4040.377685546875,"orthographic":false}