{"cameraMode":{"drawMode":0,"name":"Shaded","section":"Shading Mode"},"sceneLighting":true,"audioPlay":false,"sceneViewState":{"showFog":false,"showMaterialUpdate":false,"showSkybox":false,"showFlares":false,"showImageEffects":false,"showParticleSystems":false},"in2DMode":false,"pivot":{"x":1019.4541015625,"y":60.1376953125,"z":831.4747314453125},"rotation":{"x":-0.6356676816940308,"y":-0.04577568918466568,"z":0.03780757635831833,"w":-0.7697081565856934},"size":595.94189453125,"orthographic":false}