{"cameraMode":{"drawMode":0,"name":"Shaded","section":"Shading Mode"},"sceneLighting":true,"audioPlay":false,"sceneViewState":{"showFog":false,"showMaterialUpdate":false,"showSkybox":false,"showFlares":false,"showImageEffects":false,"showParticleSystems":false},"in2DMode":false,"pivot":{"x":442.618896484375,"y":-109.3519287109375,"z":2377.687255859375},"rotation":{"x":-0.1479119509458542,"y":0.15419970452785493,"z":-0.02335367351770401,"w":-0.9766278862953186},"size":1882.94921875,"orthographic":false}