{"cameraMode":{"drawMode":0,"name":"Shaded","section":"Shading Mode"},"sceneLighting":true,"audioPlay":false,"sceneViewState":{"showFog":false,"showMaterialUpdate":false,"showSkybox":false,"showFlares":false,"showImageEffects":false,"showParticleSystems":false},"in2DMode":false,"pivot":{"x":1711.1124267578125,"y":-575.1173095703125,"z":1782.43798828125},"rotation":{"x":-0.27708080410957339,"y":-0.019602550193667413,"z":0.005656693130731583,"w":-0.9606525301933289},"size":2067.817626953125,"orthographic":false}