{"cameraMode":{"drawMode":0,"name":"Shaded","section":"Shading Mode"},"sceneLighting":true,"audioPlay":false,"sceneViewState":{"showFog":false,"showMaterialUpdate":false,"showSkybox":false,"showFlares":false,"showImageEffects":false,"showParticleSystems":false},"in2DMode":false,"pivot":{"x":1312.414306640625,"y":595.9607543945313,"z":2.9237313270568849},"rotation":{"x":-0.02430572360754013,"y":0.009594214148819447,"z":-0.00023320020409300923,"w":-0.9996612668037415},"size":492.8956298828125,"orthographic":false}