{"cameraMode":{"drawMode":0,"name":"Shaded","section":"Shading Mode"},"sceneLighting":true,"audioPlay":false,"sceneViewState":{"showFog":false,"showMaterialUpdate":false,"showSkybox":false,"showFlares":false,"showImageEffects":false,"showParticleSystems":false},"in2DMode":false,"pivot":{"x":840.686279296875,"y":87.64704895019531,"z":-47.57373046875},"rotation":{"x":-0.11843817681074143,"y":-0.03961281478404999,"z":0.004728794097900391,"w":-0.992184579372406},"size":550.2723388671875,"orthographic":false}