{"cameraMode":{"drawMode":0,"name":"Shaded","section":"Shading Mode"},"sceneLighting":true,"audioPlay":false,"sceneViewState":{"showFog":false,"showMaterialUpdate":false,"showSkybox":false,"showFlares":false,"showImageEffects":false,"showParticleSystems":false},"in2DMode":false,"pivot":{"x":186.49588012695313,"y":856.7010498046875,"z":23.510528564453126},"rotation":{"x":-0.1689731329679489,"y":-0.017151743173599244,"z":0.0029476662166416647,"w":-0.9854955077171326},"size":292.8233642578125,"orthographic":false}