{"cameraMode":{"drawMode":0,"name":"Shaded","section":"Shading Mode"},"sceneLighting":true,"audioPlay":false,"sceneViewState":{"showFog":false,"showMaterialUpdate":false,"showSkybox":false,"showFlares":false,"showImageEffects":false,"showParticleSystems":false},"in2DMode":false,"pivot":{"x":1675.380615234375,"y":845.4649658203125,"z":142.00294494628907},"rotation":{"x":-0.08867018669843674,"y":0.023003973066806794,"z":-0.002048025606200099,"w":-0.9958169460296631},"size":515.2474975585938,"orthographic":false}