{"cameraMode":{"drawMode":0,"name":"Shaded","section":"Shading Mode"},"sceneLighting":true,"audioPlay":false,"sceneViewState":{"showFog":false,"showMaterialUpdate":false,"showSkybox":false,"showFlares":false,"showImageEffects":false,"showParticleSystems":false},"in2DMode":false,"pivot":{"x":1082.94091796875,"y":191.38839721679688,"z":333.171630859375},"rotation":{"x":-0.11100655049085617,"y":-0.036667048931121829,"z":0.004106336738914251,"w":-0.9931635856628418},"size":1007.9118041992188,"orthographic":false}