{"cameraMode":{"drawMode":0,"name":"Shaded","section":"Shading Mode"},"sceneLighting":true,"audioPlay":false,"sceneViewState":{"showFog":false,"showMaterialUpdate":false,"showSkybox":false,"showFlares":false,"showImageEffects":false,"showParticleSystems":false},"in2DMode":false,"pivot":{"x":1097.3349609375,"y":599.433837890625,"z":23.4039306640625},"rotation":{"x":-0.06775660067796707,"y":-0.005390422884374857,"z":0.0003662130329757929,"w":-0.9976891875267029},"size":523.7550048828125,"orthographic":false}