{"cameraMode":{"drawMode":0,"name":"Shaded","section":"Shading Mode"},"sceneLighting":true,"audioPlay":false,"sceneViewState":{"showFog":false,"showMaterialUpdate":false,"showSkybox":false,"showFlares":false,"showImageEffects":false,"showParticleSystems":false},"in2DMode":false,"pivot":{"x":963.0,"y":327.8607177734375,"z":280.9999694824219},"rotation":{"x":-0.24875764548778535,"y":-0.010451455600559712,"z":0.0026652126107364895,"w":-0.9685519337654114},"size":194.55081176757813,"orthographic":false}