{"cameraMode":{"drawMode":0,"name":"Shaded","section":"Shading Mode"},"sceneLighting":true,"audioPlay":false,"sceneViewState":{"showFog":false,"showMaterialUpdate":false,"showSkybox":false,"showFlares":false,"showImageEffects":false,"showParticleSystems":false},"in2DMode":false,"pivot":{"x":613.0,"y":327.8606872558594,"z":53.915130615234378},"rotation":{"x":-0.594730794429779,"y":-0.0014566103927791119,"z":0.0010331182274967433,"w":-0.8039743900299072},"size":1344.4278564453125,"orthographic":false}