{"cameraMode":{"drawMode":0,"name":"Shaded","section":"Shading Mode"},"sceneLighting":true,"audioPlay":false,"sceneViewState":{"showFog":false,"showMaterialUpdate":false,"showSkybox":false,"showFlares":false,"showImageEffects":false,"showParticleSystems":false},"in2DMode":false,"pivot":{"x":820.74853515625,"y":520.90966796875,"z":-51.855438232421878},"rotation":{"x":0.059366196393966678,"y":0.0011953671928495169,"z":-0.000043225598346907645,"w":0.9982564449310303},"size":617.6822509765625,"orthographic":false}