{"cameraMode":{"drawMode":0,"name":"Shaded","section":"Shading Mode"},"sceneLighting":true,"audioPlay":false,"sceneViewState":{"showFog":false,"showMaterialUpdate":false,"showSkybox":false,"showFlares":false,"showImageEffects":false,"showParticleSystems":false},"in2DMode":false,"pivot":{"x":1046.537109375,"y":332.6007385253906,"z":284.28582763671877},"rotation":{"x":-0.01290088053792715,"y":-0.0017857782077044249,"z":0.0000034509673696447864,"w":-0.9999600052833557},"size":1082.9862060546875,"orthographic":false}