{"cameraMode":{"drawMode":0,"name":"Shaded","section":"Shading Mode"},"sceneLighting":true,"audioPlay":false,"sceneViewState":{"showFog":false,"showMaterialUpdate":false,"showSkybox":false,"showFlares":false,"showImageEffects":false,"showParticleSystems":false},"in2DMode":false,"pivot":{"x":40.28833770751953,"y":-169.518310546875,"z":27.45980453491211},"rotation":{"x":0.006792775355279446,"y":0.9533176422119141,"z":-0.30117422342300417,"w":0.021448889747262},"size":271.93536376953127,"orthographic":false}