{"cameraMode":{"drawMode":0,"name":"Shaded","section":"Shading Mode"},"sceneLighting":true,"audioPlay":false,"sceneViewState":{"showFog":false,"showMaterialUpdate":false,"showSkybox":false,"showFlares":false,"showImageEffects":false,"showParticleSystems":false},"in2DMode":false,"pivot":{"x":613.0,"y":328.1606750488281,"z":53.915138244628909},"rotation":{"x":-0.1783890426158905,"y":-0.02537340112030506,"z":0.004583088681101799,"w":-0.9836682677268982},"size":1037.6998291015625,"orthographic":false}