{"cameraMode":{"drawMode":0,"name":"Shaded","section":"Shading Mode"},"sceneLighting":true,"audioPlay":false,"sceneViewState":{"showFog":false,"showMaterialUpdate":false,"showSkybox":false,"showFlares":false,"showImageEffects":false,"showParticleSystems":false},"in2DMode":false,"pivot":{"x":1067.631591796875,"y":238.4790802001953,"z":108.69146728515625},"rotation":{"x":-0.2223862111568451,"y":-0.03537369519472122,"z":0.008055169135332108,"w":-0.974328875541687},"size":390.478759765625,"orthographic":false}