{"cameraMode":{"drawMode":0,"name":"Shaded","section":"Shading Mode"},"sceneLighting":true,"audioPlay":false,"sceneViewState":{"showFog":false,"showMaterialUpdate":false,"showSkybox":false,"showFlares":false,"showImageEffects":false,"showParticleSystems":false},"in2DMode":false,"pivot":{"x":677.15966796875,"y":1118.3525390625,"z":125.90522003173828},"rotation":{"x":0.059366196393966678,"y":0.0011953671928495169,"z":-0.000043225598346907645,"w":0.9982564449310303},"size":1191.0452880859375,"orthographic":false}