{"cameraMode":{"drawMode":0,"name":"Shaded","section":"Shading Mode"},"sceneLighting":true,"audioPlay":false,"sceneViewState":{"showFog":false,"showMaterialUpdate":false,"showSkybox":false,"showFlares":false,"showImageEffects":false,"showParticleSystems":false},"in2DMode":false,"pivot":{"x":1464.502197265625,"y":437.1280822753906,"z":469.0767822265625},"rotation":{"x":-0.024890871718525888,"y":-0.024594377726316453,"z":0.0005907859886065126,"w":-0.9994038939476013},"size":1032.95849609375,"orthographic":false}