{"cameraMode":{"drawMode":0,"name":"Shaded","section":"Shading Mode"},"sceneLighting":true,"audioPlay":false,"sceneViewState":{"showFog":false,"showMaterialUpdate":false,"showSkybox":false,"showFlares":false,"showImageEffects":false,"showParticleSystems":false},"in2DMode":false,"pivot":{"x":932.5757446289063,"y":-243.0443572998047,"z":727.1506958007813},"rotation":{"x":-0.5854431390762329,"y":-0.042755767703056338,"z":0.0309181809425354,"w":-0.8090500235557556},"size":2443.322265625,"orthographic":false}