{"cameraMode":{"drawMode":0,"name":"Shaded","section":"Shading Mode"},"sceneLighting":true,"audioPlay":false,"sceneViewState":{"showFog":false,"showMaterialUpdate":false,"showSkybox":false,"showFlares":false,"showImageEffects":false,"showParticleSystems":false},"in2DMode":false,"pivot":{"x":296.4289245605469,"y":179.31222534179688,"z":14.73131275177002},"rotation":{"x":0.059366196393966678,"y":0.0011953671928495169,"z":-0.000043225598346907645,"w":0.9982564449310303},"size":1347.714599609375,"orthographic":false}