{"cameraMode":{"drawMode":0,"name":"Shaded","section":"Shading Mode"},"sceneLighting":true,"audioPlay":false,"sceneViewState":{"showFog":false,"showMaterialUpdate":false,"showSkybox":false,"showFlares":false,"showImageEffects":false,"showParticleSystems":false},"in2DMode":false,"pivot":{"x":1284.541748046875,"y":76.90552520751953,"z":1386.5806884765625},"rotation":{"x":-0.4218827784061432,"y":0.03783214092254639,"z":-0.017551202327013017,"w":-0.9057449698448181},"size":985.2649536132813,"orthographic":false}