{"cameraMode":{"drawMode":0,"name":"Shaded","section":"Shading Mode"},"sceneLighting":true,"audioPlay":false,"sceneViewState":{"showFog":false,"showMaterialUpdate":false,"showSkybox":false,"showFlares":false,"showImageEffects":false,"showParticleSystems":false},"in2DMode":false,"pivot":{"x":797.2855834960938,"y":-540.9495849609375,"z":1720.2410888671875},"rotation":{"x":-0.2762727439403534,"y":-0.0016963825328275562,"z":0.0005591100198216736,"w":-0.9611280560493469},"size":1560.5401611328125,"orthographic":false}