{"cameraMode":{"drawMode":0,"name":"Shaded","section":"Shading Mode"},"sceneLighting":true,"audioPlay":false,"sceneViewState":{"showFog":false,"showMaterialUpdate":false,"showSkybox":false,"showFlares":false,"showImageEffects":false,"showParticleSystems":false},"in2DMode":false,"pivot":{"x":816.1181640625,"y":-1419.6571044921875,"z":244.91188049316407},"rotation":{"x":-0.6834091544151306,"y":0.00531739741563797,"z":-0.004877942614257336,"w":-0.7300668954849243},"size":3211.408447265625,"orthographic":false}