{"cameraMode":{"drawMode":0,"name":"Shaded","section":"Shading Mode"},"sceneLighting":true,"audioPlay":false,"sceneViewState":{"showFog":false,"showMaterialUpdate":false,"showSkybox":false,"showFlares":false,"showImageEffects":false,"showParticleSystems":false},"in2DMode":false,"pivot":{"x":1185.816650390625,"y":144.6825408935547,"z":309.24298095703127},"rotation":{"x":-0.7244827151298523,"y":0.02464267611503601,"z":-0.025843683630228044,"w":-0.6884387731552124},"size":758.7028198242188,"orthographic":false}